mean,std,rms,energy,max,min
1.488415888588745e-07,4.4352639698316194e-05,4.435288944394974e-05,0.0012287785668982877,0.0006131880785891591,-0.0004029152947072545
