mean,std,rms,max,min
11.30028795268237,839.4769974234637,856.4919086809714,3723.5,-3540.0
